[
  {
    "id": 1,
    "gymName": "GoodLife Fitness",
    "latitude:": 43.773078,
    "longitude": -79.328204,
    "address": "2235 Sheppard Av E, North York, ON, M2J5B5."
  },
  {
    "id": 2,
    "gymName": "Pro Trainer Live",
    "latitude:": 43.775282,
    "longitude": -79.330258,
    "address": "2054 Shepard Ave E, North York, ON, M2J5B3."
  },
  {
    "id": 3,
    "gymName": "GoodLife Fitness",
    "latitude:": 43.742794,
    "longitude": -79.313624,
    "address": "1448 Lawrence Ave E, North York, ON, M4A2V6."
  },
  {
    "id": 4,
    "gymName": "FuZion Fitness and Yoga Studio",
    "latitude:": 43.777259,
    "longitude": -79.312490,
    "address": "3195 Sheppard Ave E, North York, ON, M2J3Z6."
  },
  {
    "id": 5,
    "gymName": "Express Fitness Scarborough- 24/7",
    "latitude:": 43.764477,
    "longitude": -79.279535,
    "address": "1399 Kennedy Rd, Scarborough, ON, M1P2L6."
  },
  {
    "id": 6,
    "gymName": "GoodLife Fitness (Scarborough Town Centre)",
    "latitude:": 43.777426,
    "longitude": -79.263399,
    "address": "1755 Brimley Rd, Scarborough, ON, M1P0A3."
  },
  {
    "id": 7,
    "gymName": "Ray Pilates",
    "latitude:": 43.731552,
    "longitude": -79.340514,
    "address": "80 N Hills Terrace, North York, ON, M3C1M6."
  },
  {
    "id": 8,
    "gymName": "Fit4Less",
    "latitude:": 43.799767,
    "longitude": -79.318994,
    "address": "2900 Warden Ave, Scarborough, ON, M1W2S8."
  },{
  "id": 9,
  "gymName": "Wynn Fitness",
  "latitude:": 43.725785,
  "longitude": -79.480761,
  "address": "2737 Keele St, North York, ON, M3M2E9."
},
  {
    "id": 10,
    "gymName": "Fit4Less",
    "latitude:": 43.716716,
    "longitude": -79.447677,
    "address": "700 Lawrence Avenue West, North York, Ontario."
  }
]